{
  "total_samples": 22000,
  "test_duration_seconds": 250.69164204597473,
  "throughput_samples_per_second": 87.75721368471226,
  "latency_stats": {
    "mean": 11.189596685496245,
    "median": 11.004209518432617,
    "min": 9.995698928833008,
    "max": 71.00033760070801,
    "p90": 11.99960708618164,
    "p95": 12.00413703918457,
    "p99": 12.511014938354492
  },
  "batch_stats": {
    "mean": 11.189596685496245,
    "median": 11.004209518432617,
    "min": 9.995698928833008,
    "max": 71.00033760070801
  }
}