{
  "total_samples": 22000,
  "test_duration_seconds": 128.77811002731323,
  "throughput_samples_per_second": 170.83648762459632,
  "latency_stats": {
    "mean": 5.567611412568525,
    "median": 5.510926246643066,
    "min": 4.5013427734375,
    "max": 8.004426956176758,
    "p90": 6.003856658935547,
    "p95": 6.004810333251953,
    "p99": 6.508350372314453
  },
  "batch_stats": {
    "mean": 5.567611412568525,
    "median": 5.510926246643066,
    "min": 4.5013427734375,
    "max": 8.004426956176758
  }
}