{
  "total_samples": 55000,
  "test_duration_seconds": 1053.5606064796448,
  "throughput_samples_per_second": 52.203926059627804,
  "latency_stats": {
    "mean": 18.94911579652266,
    "median": 19.091039896011353,
    "min": 8.903145790100098,
    "max": 27.698993682861328,
    "p90": 19.856035709381104,
    "p95": 19.87442374229431,
    "p99": 20.48429846763611
  },
  "batch_stats": {
    "mean": 151.59292637218127,
    "median": 152.72831916809082,
    "min": 71.22516632080078,
    "max": 221.59194946289062
  }
}