{
  "total_samples": 22000,
  "test_duration_seconds": 821.5762703418732,
  "throughput_samples_per_second": 26.777793850892735,
  "latency_stats": {
    "mean": 37.041083942760125,
    "median": 39.000511169433594,
    "min": 26.246309280395508,
    "max": 45.02582550048828,
    "p90": 41.52345657348633,
    "p95": 42.00005531311035,
    "p99": 42.51671075820923
  },
  "batch_stats": {
    "mean": 37.041083942760125,
    "median": 39.000511169433594,
    "min": 26.246309280395508,
    "max": 45.02582550048828
  }
}