{
  "total_samples": 22000,
  "test_duration_seconds": 689.6607007980347,
  "throughput_samples_per_second": 31.899744286636746,
  "latency_stats": {
    "mean": 31.03573342886838,
    "median": 30.51447868347168,
    "min": 26.001691818237305,
    "max": 45.037269592285156,
    "p90": 33.57341289520264,
    "p95": 35.05667448043823,
    "p99": 40.51971435546875
  },
  "batch_stats": {
    "mean": 31.03573342886838,
    "median": 30.51447868347168,
    "min": 26.001691818237305,
    "max": 45.037269592285156
  }
}