{
  "total_samples": 22000,
  "test_duration_seconds": 880.3417632579803,
  "throughput_samples_per_second": 24.99029458580053,
  "latency_stats": {
    "mean": 39.71943575685675,
    "median": 39.99948501586914,
    "min": 28.013944625854492,
    "max": 45.024871826171875,
    "p90": 41.51797294616699,
    "p95": 41.54945611953735,
    "p99": 42.04082727432251
  },
  "batch_stats": {
    "mean": 39.71943575685675,
    "median": 39.99948501586914,
    "min": 28.013944625854492,
    "max": 45.024871826171875
  }
}