{
  "total_samples": 55000,
  "test_duration_seconds": 1218.4305663108826,
  "throughput_samples_per_second": 45.14003630631731,
  "latency_stats": {
    "mean": 17.995701005242086,
    "median": 18.74682307243347,
    "min": 9.3497633934021,
    "max": 33.96254777908325,
    "p90": 19.859880208969116,
    "p95": 19.94222402572632,
    "p99": 20.931124687194824
  },
  "batch_stats": {
    "mean": 143.9656080419367,
    "median": 149.97458457946777,
    "min": 74.7981071472168,
    "max": 271.700382232666
  }
}