{
  "total_samples": 22000,
  "test_duration_seconds": 127.56710171699524,
  "throughput_samples_per_second": 172.4582569007996,
  "latency_stats": {
    "mean": 5.536351117220792,
    "median": 5.509853363037109,
    "min": 3.9992332458496094,
    "max": 8.002758026123047,
    "p90": 6.003856658935547,
    "p95": 6.004571914672852,
    "p99": 6.50787353515625
  },
  "batch_stats": {
    "mean": 5.536351117220792,
    "median": 5.509853363037109,
    "min": 3.9992332458496094,
    "max": 8.002758026123047
  }
}