{
  "total_samples": 22000,
  "test_duration_seconds": 128.2733073234558,
  "throughput_samples_per_second": 171.50879211779022,
  "latency_stats": {
    "mean": 5.558697407895869,
    "median": 5.5103302001953125,
    "min": 3.999471664428711,
    "max": 8.013725280761719,
    "p90": 6.003856658935547,
    "p95": 6.005048751831055,
    "p99": 6.509065628051758
  },
  "batch_stats": {
    "mean": 5.558697407895869,
    "median": 5.5103302001953125,
    "min": 3.999471664428711,
    "max": 8.013725280761719
  }
}