{
  "total_samples": 22000,
  "test_duration_seconds": 250.7377336025238,
  "throughput_samples_per_second": 87.74108182247109,
  "latency_stats": {
    "mean": 11.193928653543646,
    "median": 11.004447937011719,
    "min": 9.509563446044922,
    "max": 76.55096054077148,
    "p90": 11.999845504760742,
    "p95": 12.00413703918457,
    "p99": 12.511496543884277
  },
  "batch_stats": {
    "mean": 11.193928653543646,
    "median": 11.004447937011719,
    "min": 9.509563446044922,
    "max": 76.55096054077148
  }
}