{
  "total_samples": 22000,
  "test_duration_seconds": 250.40350890159607,
  "throughput_samples_per_second": 87.85819374697977,
  "latency_stats": {
    "mean": 11.186005245555531,
    "median": 11.0015869140625,
    "min": 9.995460510253906,
    "max": 71.14458084106445,
    "p90": 11.999630928039553,
    "p95": 12.002944946289062,
    "p99": 12.508153915405273
  },
  "batch_stats": {
    "mean": 11.186005245555531,
    "median": 11.0015869140625,
    "min": 9.995460510253906,
    "max": 71.14458084106445
  }
}