{
  "total_samples": 22000,
  "test_duration_seconds": 750.7068247795105,
  "throughput_samples_per_second": 29.305714659596443,
  "latency_stats": {
    "mean": 33.80671820857308,
    "median": 33.17844867706299,
    "min": 26.51500701904297,
    "max": 46.99873924255371,
    "p90": 40.997982025146484,
    "p95": 41.52107238769531,
    "p99": 42.50955581665039
  },
  "batch_stats": {
    "mean": 33.80671820857308,
    "median": 33.17844867706299,
    "min": 26.51500701904297,
    "max": 46.99873924255371
  }
}