{
  "total_samples": 22000,
  "test_duration_seconds": 258.47526144981384,
  "throughput_samples_per_second": 85.1145284720858,
  "latency_stats": {
    "mean": 11.547944643280722,
    "median": 11.507749557495117,
    "min": 9.789466857910156,
    "max": 72.54528999328613,
    "p90": 12.51077651977539,
    "p95": 13.00358772277832,
    "p99": 14.00446891784668
  },
  "batch_stats": {
    "mean": 11.547944643280722,
    "median": 11.507749557495117,
    "min": 9.789466857910156,
    "max": 72.54528999328613
  }
}