{
  "total_samples": 22000,
  "test_duration_seconds": 262.97825813293457,
  "throughput_samples_per_second": 83.65710593793301,
  "latency_stats": {
    "mean": 11.714281298897482,
    "median": 11.507987976074219,
    "min": 9.997129440307617,
    "max": 71.1216926574707,
    "p90": 13.000965118408203,
    "p95": 13.51475715637207,
    "p99": 14.999868869781492
  },
  "batch_stats": {
    "mean": 11.714281298897482,
    "median": 11.507987976074219,
    "min": 9.997129440307617,
    "max": 71.1216926574707
  }
}