{
  "total_samples": 22000,
  "test_duration_seconds": 685.026047706604,
  "throughput_samples_per_second": 32.11556709946098,
  "latency_stats": {
    "mean": 30.83156364614313,
    "median": 29.999494552612305,
    "min": 25.999784469604492,
    "max": 42.01078414916992,
    "p90": 33.99848937988281,
    "p95": 34.456503391265855,
    "p99": 35.99336624145508
  },
  "batch_stats": {
    "mean": 30.83156364614313,
    "median": 29.999494552612305,
    "min": 25.999784469604492,
    "max": 42.01078414916992
  }
}