{
  "total_samples": 22000,
  "test_duration_seconds": 127.7626461982727,
  "throughput_samples_per_second": 172.19430447502293,
  "latency_stats": {
    "mean": 5.5317416082729,
    "median": 5.510091781616211,
    "min": 3.999471664428711,
    "max": 7.99870491027832,
    "p90": 6.000995635986328,
    "p95": 6.00433349609375,
    "p99": 6.5021538734436035
  },
  "batch_stats": {
    "mean": 5.5317416082729,
    "median": 5.510091781616211,
    "min": 3.999471664428711,
    "max": 7.99870491027832
  }
}