{
  "total_samples": 5500,
  "test_duration_seconds": 34.75476932525635,
  "throughput_samples_per_second": 158.2516617655448,
  "latency_stats": {
    "mean": 5.569831718098033,
    "median": 5.745649337768555,
    "min": 0.0,
    "max": 20.69878578186035,
    "p90": 15.65849781036377,
    "p95": 15.800046920776367,
    "p99": 16.21449947357178
  },
  "batch_stats": {
    "mean": 5.569831718098033,
    "median": 5.745649337768555,
    "min": 0.0,
    "max": 20.69878578186035
  }
}