{
  "total_samples": 22000,
  "test_duration_seconds": 130.12335968017578,
  "throughput_samples_per_second": 169.07033490429995,
  "latency_stats": {
    "mean": 5.627315271984447,
    "median": 5.9958696365356445,
    "min": 4.000186920166016,
    "max": 8.043289184570312,
    "p90": 6.004571914672852,
    "p95": 6.5059661865234375,
    "p99": 7.004261016845703
  },
  "batch_stats": {
    "mean": 5.627315271984447,
    "median": 5.9958696365356445,
    "min": 4.000186920166016,
    "max": 8.043289184570312
  }
}